[time_index],[x],[y]
0.0,0.0,0.0
1.0,0.707106781187,0.658106781187
2.0,1.37624657154,1.19164204597
3.0,2.03285050392,1.64959132671
4.0,2.68439531326,1.9991505146
5.0,3.33964061737,2.26130390167
6.0,4.00758171082,2.42938899994
7.0,4.70286178589,2.50714707375
8.0,5.44584178925,2.50550031662
9.0,6.26131153107,2.41080880165
10.0,7.17687797546,2.22611904144
11.0,8.22032642365,1.95188808441
12.0,9.41569042206,1.58576631546
13.0,10.7815704346,1.11591744423
14.0,12.3109607697,0.53862965107
