[time_index],[x],[y]
0.0,0.0,0.0
1.0,0.707106781187,0.658106781187
2.0,1.41421425343,1.21878671646
3.0,2.12132120132,1.68097639084
4.0,2.82842826843,2.0451669693
5.0,3.53553533554,2.31135797501
6.0,4.24264240265,2.4795498848
7.0,4.94974994659,2.54974222183
8.0,5.65685653687,2.52193593979
9.0,6.36396408081,2.39613008499
10.0,7.07107067108,2.17232465744
11.0,7.77817821503,1.85052013397
12.0,8.4852848053,1.43071651459
13.0,9.19239234924,0.912913799286
14.0,9.89949989319,0.297111779451
